Count,ExcerptPostId,Id,TagName,WikiPostId
75,2138,1,cruising,2137
39,357,2,caribbean,356
31,319,4,vacations,318
6,14548,6,amazon-river,14547
74,1792,8,romania,1791
314,1183,9,transportation,1182
36,243,10,extreme-tourism,242
10,164,11,antarctica,163
326,1112,12,planning,1111
1962,158,14,usa,157
450,1193,15,airports,1192
662,1417,16,public-transport,1416
67,2394,17,argentina,2393
367,2719,18,money,2718
387,506,19,safety,505
3462,311,20,visas,310
60,2406,21,peru,2405
34,4224,22,bolivia,4223
67,361,25,cuba,360
435,281,26,international-travel,280
36,13726,27,hungary,13725
25,369,28,budapest,368
796,337,29,trains,336
554,286,30,europe,285
305,496,31,china,495
47,1798,32,mongolia,1797
207,294,33,russia,293
62,355,34,south-america,354
11,2398,39,tropical-destinations,2397
51,1734,40,activities,1733
71,3840,41,destinations,3839
61,1191,42,adventure,1190
107,1120,43,taxis,1119
15,3813,45,estonia,3812
2075,255,46,air-travel,254
28,18388,47,permits,18387
8,9728,48,tibet,9727
23,2386,49,florida,2385
12,643,50,orlando,642
89,4507,52,south-africa,4506
603,325,53,luggage,324
442,469,55,japan,468
384,2134,57,airlines,2133
102,1794,59,israel,1793
13,9867,60,palestine,9866
258,1718,61,accommodation,1717
472,459,62,france,458
22,670,65,shanghai,669
90,365,67,new-zealand,364
100,2418,68,vietnam,2417
180,1730,72,insurance,1729
39,332,74,central-america,331
34,2366,75,around-the-world,2365
504,340,76,india,339
118,367,77,hiking,366
41,371,78,africa,370
5,1742,82,kilimanjaro,1741
2,1140,84,international-calls,1139
214,253,85,sightseeing,252
503,1185,86,online-resources,1184
39,1134,87,mobile-operators,1133
614,392,90,budget,391
121,1728,92,tours,1727
25,4222,94,ecuador,4221
105,8306,95,hong-kong,8305
211,641,96,paris,640
43,359,98,high-speed-rail,358
82,1056,99,fares,1055
272,1720,100,hotels,1719
158,597,101,loyalty-programs,596
22,317,103,middle-east,316
4,52898,104,yemen,52897
152,1122,105,road-trips,1121
43,2390,106,denmark,2389
103,10475,107,nature-and-wildlife,10474
69,2262,108,iran,2261
35,2380,109,pakistan,2379
10,532,111,uzbekistan,531
9,2228,112,tajikistan,2227
185,375,113,spain,374
295,508,114,cellphones,507
48,3721,115,diving,3720
11,260,116,ecotourism,259
73,2230,117,malaysia,2229
46,2136,119,guides,2135
2,14579,122,astrakhan,14578
135,327,123,ferries,326
19,1796,124,kazakhstan,1795
31,315,126,consulates,314
9,346,127,castles,345
281,467,128,italy,466
43,2374,130,mountains,2373
70,284,134,overland,283
8,3817,135,carnet-de-passage,3816
70,353,138,language-barrier,352
24,1744,139,tourist-traps,1743
6,23914,140,eclipses,23913
299,1738,141,australia,1737
12,647,144,tallinn,646
20,4708,147,star-alliance,4707
21,344,148,alaska,343
103,1219,149,work,1218
321,363,151,food-and-drink,362
44,1197,152,seasonal,1196
59,2296,153,tipping,2295
72,257,154,photography,256
69,1199,155,backpacking,1198
157,1326,156,security,1325
227,1736,157,automobiles,1735
282,1132,160,buses,1131
19,16754,162,passenger-rights,16753
60,16118,163,delays,16117
4,53270,164,aktau,53269
18,9855,166,mountain-climbing,9854
96,342,167,georgia-country,341
14,335,168,caucasus,334
182,1118,169,borders,1117
81,595,172,southeast-asia,594
9,2392,173,black-sea,2391
25,2384,174,eastern-europe,2383
54,645,175,rome,644
58,2372,176,motorcycles,2371
13,1124,177,trans-siberian,1123
143,1223,178,local-customs,1222
14,510,179,armenia,509
22,512,180,azerbaijan,511
12,10487,182,guatemala,10486
70,653,185,istanbul,652
173,534,186,turkey,533
91,2260,192,iceland,2259
79,2264,195,greece,2263
98,2388,196,clothing,2387
1296,413,197,uk,412
937,541,199,customs-and-immigration,540
4,2414,201,shore-excursions,2413
274,1116,202,car-rentals,1115
343,1187,206,health,1186
26,463,208,north-america,462
106,2232,209,routes,2231
307,1189,211,driving,1188
57,1755,215,itineraries,1754
88,2292,216,maps,2291
31,649,218,boston,648
117,1128,221,camping,1127
43,2140,222,bulgaria,2139
33,655,225,los-angeles,654
333,461,226,airport-transfer,460
159,630,227,new-york-city,629
100,3735,228,poland,3734
495,841,229,germany,840
11,2362,231,western-usa,2361
2,661,233,bukhara,660
62,2408,234,philippines,2407
21,668,237,seattle,667
312,657,240,london,656
20,651,241,kuala-lumpur,650
109,1114,243,rental,1113
138,521,244,mexico,520
29,1763,246,postage,1762
49,9831,251,cambodia,9830
47,1761,252,laos,1760
20,9829,254,grand-canyon,9828
151,1999,255,switzerland,1998
61,2298,256,taiwan,2297
181,2144,257,thailand,2143
79,1765,258,sea-travel,1764
14,1138,262,freighter-travel,1137
80,1722,269,hostels,1721
1399,1126,270,schengen,1125
15,10010,271,tanzania,10009
4,52900,273,swaziland,52899
99,3733,274,power,3732
21,1203,281,lax,1202
12,2962,283,british-columbia,2961
6,1207,285,jnb,1206
36,11707,290,washington-dc,11706
245,2142,291,airport-security,2141
17,10109,293,campers,10108
72,2622,294,norway,2621
151,860,295,netherlands,859
13,34849,297,cyprus,34848
539,1790,299,canada,1789
38,1751,301,toronto,1750
5,10489,302,honduras,10488
11,2234,304,kyrgyzstan,2233
3,,307,pamir-highway,
28,9845,308,festivals,9844
15,1205,309,kul,1204
4,16210,311,dushanbe,16209
646,1221,313,passports,1220
40,9865,315,shipping,9864
42,2226,320,ukraine,2225
31,3238,322,venice,3237
607,2224,323,tickets,2223
41,9839,324,travel-agents,9838
26,1749,329,stockholm,1748
108,2240,333,driving-licenses,2239
69,3372,337,museums,3371
12,3811,338,lithuania,3810
102,2382,339,indonesia,2381
64,2410,340,solo-travel,2409
14,2378,343,nicaragua,2377
42,1136,344,atms,1135
3,3815,345,bishkek,3814
54,2364,347,working-holiday,2363
9,9863,350,jetlag,9862
53,2370,351,long-haul,2369
98,3350,352,ireland,3349
941,1195,353,transit,1194
9,23283,354,central-asia,23282
33,6401,363,outdoor-activities,6400
93,4584,369,tokyo,4583
2,,373,novosibirsk,
8,1148,375,ulan-bator,1147
196,1110,377,children,1109
22,2960,378,buenos-aires,2959
172,1150,381,lhr,1149
109,2402,382,singapore,2401
32,9732,385,beijing,9731
30,1757,390,officials,1756
3,,392,irkutsk,
3,,393,almaty,
78,2396,396,sweden,2395
5,66039,398,beggars,66038
2,1270,399,syx,1269
8,1272,400,mel,1271
21,1276,403,lgw,1275
3,2914,405,astana,2913
7,1753,407,zimbabwe,1752
60,1350,409,wifi,1349
51,2258,413,islands,2257
17,2404,414,remote-locations,2403
8,10712,416,corruption,10711
48,2416,419,san-francisco,2415
11,10004,420,northern-california,10003
41,1746,422,vancouver,1745
78,1355,424,united-airlines,1354
21,1357,425,easyjet,1356
48,1363,428,ewr,1362
11,1388,432,cathay-pacific,1387
5,1390,433,china-southern-airlines,1389
9,23536,450,uganda,23535
18,1462,452,disney,1461
17,1759,455,jordan,1758
3,53348,456,petra,53347
7,16077,457,manchester,16076
17,2294,458,macedonia,2293
51,7899,459,scotland,7898
5,16405,461,dead-sea,16404
36,2376,463,lounges,2375
29,5706,464,montreal,5705
27,9843,465,guidebooks,9842
75,1726,466,data-plans,1725
63,4489,469,morocco,4488
22,3006,470,melbourne,3005
43,3051,471,egypt,3050
136,2236,473,exchange,2235
26,2400,480,serbia,2399
15,2368,481,albania,2367
15,2420,483,athens,2419
14,2958,484,bucharest,2957
31,3723,492,event-travel,3722
19,9827,494,hawaii,9826
7,4556,495,korean-air,4555
10,1673,497,yvr,1672
2,,499,simcards,
30,7474,500,sri-lanka,7473
12,17506,503,northern-ireland,17505
13,2360,505,southern-california,2359
103,2877,510,belgium,2876
62,2854,511,brussels,2853
9,6403,512,southeast-europe,6402
118,3971,515,internet,3970
40,3715,517,pets,3714
15,2256,518,balkans,2255
45,3348,519,hitchhiking,3347
30,1942,522,gps-navigation,1941
67,10002,523,croatia,10001
8,7090,527,batumi,7089
17,9871,531,couchsurfing,9870
15,2880,533,geneva,2879
44,11724,534,duty-free,11723
110,1934,536,gear,1933
594,2242,539,legal,2241
42,1969,540,bangkok,1968
7,1967,541,sofia,1966
18,1965,542,oneworld,1964
29,9833,544,las-vegas,9832
122,2004,546,eu,2003
24,9835,548,group-travel,9834
9,2002,549,liechtenstein,2001
74,2222,550,austria,2221
46,9817,551,national-parks,9816
13,16128,553,niagara-falls,16127
21,3725,554,insects,3724
26,8303,555,alps,8302
23,2088,556,ontario,2087
21,2147,564,helsinki,2146
37,2132,566,finland,2131
38,2162,570,nepal,2161
41,2423,574,cdg,2422
69,2202,575,uae,2201
7,10481,576,arctic,10480
5,2210,579,space,2209
8,2212,581,kerala,2211
37,2208,582,cities,2207
9,2216,586,us-airways,2215
11,13263,588,san-diego,13262
53,2268,590,jfk,2267
2,8180,595,chernobyl,8179
2,2412,598,shkoder,2411
102,5682,600,culture,5681
7,16236,601,homestay,16235
26,5885,604,gifts,5884
16,2902,607,interrail,2901
33,2430,608,tap-water,2429
20,23534,610,local-knowledge,23533
112,9847,613,dubai,9846
52,2440,614,dxb,2439
15,13721,618,latvia,13720
7,2526,619,riga,2525
19,16197,620,jamaica,16196
6,2483,622,georgia-usa,2482
52,16450,623,winter-sports,16449
20,10000,624,pre-pay,9999
42,4131,628,czech-republic,4130
34,2889,629,zurich,2888
2,,631,berat,
206,9861,632,us-visa-waiver-program,9860
32,9815,633,costa-rica,9814
8,,636,safari,
65,9813,639,stop-overs,9812
10,10014,641,aeroflot,10013
8,2591,642,scandinavia,2590
5,2593,643,nordic-countries,2592
15,5091,646,swiss,5090
12,4546,647,singapore-airlines,4545
306,2650,650,us-citizens,2649
104,2652,651,australian-citizens,2651
82,2658,653,canadian-citizens,2657
9,2654,654,nz-citizens,2653
63,2656,655,eu-citizens,2655
76,3343,656,beaches,3342
86,2665,657,bicycles,2664
104,2667,660,identify-this,2666
26,2663,664,tbilisi,2662
56,3345,666,winter,3344
18,4513,669,central-europe,4512
28,10491,671,accessibility,10490
35,2776,673,day-trips,2775
9,2774,674,cairo,2773
68,10466,676,recommendations,10465
111,3731,679,south-korea,3730
6,2818,681,thessaloniki,2817
50,9809,682,communication,9808
8,9730,683,mount-everest,9729
246,3060,684,tips-and-tricks,3059
31,3729,686,locate-this,3728
28,2849,687,vantage-points,2848
46,9435,691,nightlife,9434
109,2851,692,terminology,2850
174,2887,693,uk-citizens,2886
7,16130,697,tel-aviv,16129
28,2898,698,vienna,2897
4,52890,699,namibia,52889
5,4565,705,air-new-zealand,4564
170,6412,709,electronic-items,6411
37,9977,713,lufthansa,9976
7,5521,714,amazon-jungle,5520
4,16346,715,submarine,16345
32,9859,719,chicago,9858
66,6626,721,alcohol,6625
3,8172,725,auschwitz,8171
43,3008,726,sydney,3007
18,3011,727,kyoto,3010
3,2997,729,vce,2996
2,18303,732,jonkoping,18302
12,16589,735,venezuela,16588
5,14717,737,yosemite,14716
257,4371,739,regulations,4370
10,6215,743,boeing,6214
106,5873,744,aircraft,5872
95,5883,747,brazil,5882
155,16756,749,dual-nationality,16755
92,9734,751,hygiene,9733
3,3150,753,great-barrier-reef,3149
2,,756,no-costs,
17,3179,759,disputed-territories,3178
48,3713,760,asia,3712
19,9857,761,geography,9856
54,5684,766,countries,5683
8,31151,773,kyushu,31150
6,3254,775,hostelworld,3253
30,11705,777,sports-events,11704
298,9801,783,paperwork,9800
5,16132,786,fjords,16131
122,9799,789,shopping,9798
20,23541,790,souvenirs,23540
26,3858,791,iranian-citizens,3857
17,10472,794,hot-springs,10471
30,3717,795,embassies,3716
71,4554,798,british-airways,4553
8,,802,footwear,
5,10485,803,no-advance-plans,10484
59,9819,804,architecture,9818
43,4491,806,landmarks,4490
8,23912,808,thanksgiving,23911
70,4380,810,visa-free-entry,4379
69,9811,811,restaurants,9810
41,9443,812,one-way,9442
119,10477,814,study,10476
48,3433,815,languages,3432
10,16762,816,surfing,16761
4,16409,817,valencia,16408
72,7901,818,berlin,7900
2,,819,parking,
15,16458,824,patagonia,16457
66,9853,825,chile,9852
20,10008,827,snow,10007
99,4382,828,visas-on-arrival,4381
14,11726,831,war-zones,11725
113,3793,838,amsterdam,3792
289,9803,839,layovers,9802
57,9825,840,walking,9824
2,,843,the-hippie-trail,
34,10870,851,greyhound,10869
45,3862,854,russian-citizens,3861
28,10845,856,qatar,10844
6,37058,862,sicily,37057
19,11715,870,islam,11714
11,3719,872,sex,3718
9,3697,875,lcy,3696
41,8170,877,amtrak,8169
56,4373,882,public-holidays,4372
8,3868,888,new-south-wales,3867
27,4051,889,sfo,4050
15,4147,891,auroras,4146
6,3866,892,san-jose-california,3865
7,19670,893,tromso,19669
41,3791,902,ams,3790
8,3978,903,basel,3977
2,36707,904,baltic-sea,36706
9,11399,905,kaliningrad,11398
3,,907,curonian-spit,
30,3856,908,german-citizens,3855
59,4087,914,religion,4086
12,23904,916,temples,23903
14,3854,919,amusement-parks,3853
7,3852,920,cairns,3851
36,4085,922,statistics,4084
33,4517,924,roaming,4516
19,3892,931,indonesian-citizens,3891
6,14792,933,greenland,14791
8,3956,935,cancun,3955
11,16394,937,volcanoes,16393
3,4009,943,french-guiana,4008
12,30898,945,global-entry,30897
26,4075,955,new-delhi,4074
23,11703,962,sailing,11702
136,8537,965,where-on-earth,8536
7,16204,967,galapagos-islands,16203
15,4203,973,north-korea,4202
21,9422,977,offroad,9421
6,9551,978,bath-england,9550
8,4220,979,animal-riding,4219
12,24526,981,ethical-travel,24525
21,4212,984,luxury,4211
5,4206,985,north-africa,4205
14,23265,986,resorts,23264
9,13735,987,deserts,13734
36,4210,989,long-term,4209
5,16328,992,altitude,16327
2,31153,995,christmas-island,31152
9,16124,997,rio-de-janeiro,16123
6,4260,998,sweden-citizens,4259
35,9841,1000,short-notice,9840
11,4279,1003,polish-citizens,4278
5,18507,1006,senegal,18506
2,4700,1010,dakar,4699
23,11709,1011,entertainment,11708
6,4695,1012,carnival-mardi-gras,4694
78,9823,1013,sleeping,9822
30,9837,1015,low-cost-carriers,9836
42,4367,1017,chinese-citizens,4366
65,4586,1019,tsa,4585
11,9869,1020,cape-town,9868
10,23920,1021,oregon,23919
10,16240,1024,marrakech,16239
54,4552,1031,american-airlines,4551
15,4673,1035,nudism,4672
12,11717,1040,mediterranean,11716
27,4646,1044,klm,4645
21,4724,1054,ord,4723
233,4742,1056,esta,4741
6,14539,1064,new-orleans,14538
16,16227,1066,music,16226
2,31155,1072,byron-bay,31154
67,7343,1075,california,7342
24,18613,1081,mumbai,18612
16,30854,1092,osaka,30853
11,17533,1094,machu-picchu,17532
11,4980,1095,discrimination,4979
522,5021,1097,indian-citizens,5020
9,14478,1099,phuket,14477
3,,1103,burning-man,
5,20907,1105,fiji,20906
14,11713,1106,natural-disasters,11712
35,11711,1107,emergencies,11710
6,6222,1119,wroclaw,6221
45,9849,1123,england,9848
2,5279,1128,lgb,5278
13,17314,1129,bosnia,17313
7,24352,1136,rajasthan,24351
9,16134,1137,jerusalem,16133
17,27600,1143,air-india,27599
4,16242,1144,kingfisher-airlines,16241
15,8190,1145,krakow,8189
5,6126,1148,gdansk,6125
2,,1150,daintree,
19,10594,1153,tax-refunds,10593
10,5499,1154,ltn,5498
4,5502,1155,east-asia,5501
28,5519,1156,seoul,5518
7,5596,1172,scenic-routes,5595
23,5641,1176,lisbon,5640
3,,1187,banks,
21,5766,1196,eta,5765
34,23528,1197,cultural-awareness,23527
21,18509,1199,kuwait,18508
24,5832,1206,visa-runs,5831
93,9432,1207,cancellations,9431
303,9805,1208,bookings,9804
5,5850,1210,pek,5849
5,,1215,technical-stops,
3,,1216,honolulu,
31,9430,1219,panama,9429
5,10872,1221,marshrutkas,10871
23,16126,1222,traffic,16125
28,6346,1227,geek-travel,6345
124,6559,1231,factoids,6558
2,30856,1236,jodhpur,30855
3,6108,1239,yerevan,6107
14,6394,1240,ships,6393
16,6265,1255,bahamas,6264
24,6282,1258,copenhagen,6281
10,23273,1259,charter,23272
5,47004,1260,split,47003
14,30999,1264,eurail,30998
14,8196,1265,zrh,8195
2,,1266,plane-spotting,
3,9549,1268,andaman-nicobar-islands,9548
5,16425,1269,helicopters,16424
9,9547,1275,arizona,9546
15,22544,1281,travel-tools,22543
19,6484,1283,socializing,6483
11,10988,1286,goa,10987
12,7462,1287,bangalore,7461
16,8160,1290,yyz,8159
11,16758,1292,siberia,16757
2,8174,1293,baikal,8173
6,6664,1296,philippine-airlines,6663
56,13723,1299,portugal,13722
7,6668,1300,alaska-airlines,6667
26,8599,1306,moscow,8598
28,10479,1311,volunteering,10478
21,7303,1315,madrid,7302
7,20913,1323,jakarta,20912
3,,1325,manhattan,
7,10006,1331,olympics,10005
48,9428,1340,colombia,9427
3,,1343,mobile-internet,
13,7104,1348,saudi-citizens,7103
2,,1353,timbuktu,
3,52888,1354,mali,52887
23,7178,1357,fra,7177
30,7230,1358,ist,7229
7,23910,1360,maryland,23909
8,7300,1368,monaco,7299
6,60898,1370,extreme-sports,60897
5,7331,1371,south-asia,7330
62,11719,1386,etiquette,11718
9,10624,1395,vatican-city,10623
6,8166,1398,lima,8165
6,30985,1402,kashmir,30984
4,,1403,ko-phi-phi,
11,16344,1404,israeli-citizens,16343
13,23530,1407,travel-companions,23529
9,7785,1410,hhn,7784
31,31014,1414,import-tax,31013
7,65879,1416,new-jersey,65878
4,53011,1419,christchurch,53010
22,7909,1422,dublin,7908
9,30987,1425,ramadan,30986
31,8052,1426,sncf,8051
7,7976,1429,bkk,7975
5,18611,1430,cannes,18610
5,59371,1433,school-holidays,59370
35,10470,1435,barcelona,10469
3,,1437,bad-weather,
13,8040,1440,quebec,8039
12,23263,1447,vientiane,23262
2,8327,1449,lusaka,8326
6,31018,1450,zambia,31017
82,9807,1452,fees-and-charges,9806
6,8158,1454,la-paz,8157
15,14565,1458,saint-petersburg,14564
24,8325,1459,prague,8324
48,13730,1462,ryanair,13729
18,10016,1465,air-canada,10015
17,17312,1467,montenegro,17311
15,8331,1469,bavaria,8330
27,8275,1471,airbnb,8274
30,9910,1473,swimming,9909
6,16212,1476,romance,16211
10,17219,1481,siem-reap,17218
2,,1483,pakse,
5,65877,1485,universal-studios,65876
2,,1486,metro,
5,8441,1491,dolomites,8440
18,16326,1494,flight-status,16325
7,52835,1498,peak-district,52834
9,23908,1500,software,23907
13,8544,1504,slovakia,8543
14,8530,1505,canary-islands,8529
4,17316,1507,ghent,17315
22,9912,1527,water-sports,9911
8,,1529,stateless-persons,
5,8749,1532,baltics,8748
15,8893,1535,ukrainian-citizens,8892
166,9821,1536,hand-luggage,9820
7,8840,1538,pregnancy,8839
3,9258,1540,eurozone,9257
2,53272,1545,bodrum,53271
4,10483,1546,great-wall-of-china,10482
3,23922,1551,mecca,23921
33,12759,1553,saudi-arabia,12758
5,9720,1556,airline-alliances,9719
9,23532,1559,washington-state,23531
16,16460,1560,summer,16459
12,9095,1565,hkg,9094
10,9131,1566,santiago-de-chile,9130
6,16074,1571,paraguay,16073
5,11200,1572,wwoof,11199
5,65873,1576,maui,65872
14,9572,1579,etihad,9571
1,16168,1580,libya,16167
10,31020,1589,guangzhou,31019
2,9318,1590,can,9317
19,9851,1593,doha,9850
7,9358,1597,hel,9357
3,53039,1599,french-polynesia,53038
5,52994,1600,jeju,52993
4,10145,1605,new-england,10144
10,9464,1606,syd,9463
5,9402,1607,ankara,9401
4,,1608,cappadocia,
18,30859,1609,japan-rail,30858
7,9407,1611,iguazu-falls,9406
22,9957,1616,events,9956
11,23281,1620,ride-sharing,23280
3,9491,1623,asuncion,9490
56,10295,1628,family,10294
12,9539,1629,icn,9538
2,,1634,e-tickets,
2,,1635,boarding-passes,
10,18505,1640,cologne,18504
41,9588,1641,munich,9587
15,10267,1644,lille,10266
3,9982,1653,nova-scotia,9981
12,11314,1655,queensland,11313
6,16338,1661,nevada,16337
3,,1664,victoria-falls,
6,53363,1667,pyrenees,53362
10,20909,1668,dusseldorf,20908
15,9964,1670,bru,9963
28,16312,1672,nigerian-citizens,16311
6,9975,1673,travel-obstructions,9974
3,16173,1676,malawi,16172
14,10072,1682,tenerife,10071
9,10107,1686,rvs,10106
15,16407,1688,texas,16406
4,10165,1692,arn,10164
33,23275,1693,qatar-airways,23274
4,10457,1696,scl,10456
7,52957,1699,nicaraguan-citizens,52956
14,31001,1700,i-94,31000
3,,1701,fortresses,
2,,1702,citadels,
7,10384,1713,radiation,10383
12,10523,1722,atlanta,10522
19,10525,1724,brisbane,10524
16,10551,1729,turkish-citizens,10550
2,10702,1733,georgian-language,10701
7,10647,1734,russian-language,10646
30,10704,1735,egyptian-citizens,10703
3,10655,1736,den,10654
6,12751,1739,formula-one,12750
2,53076,1740,grands-prix,53075
9,10699,1742,salzburg,10698
7,16281,1744,japanese-language,16280
3,53330,1746,lake-district,53329
10,11192,1752,bangladesh,11191
2,52959,1753,tasmania,52958
3,12829,1754,genoa,12828
17,10800,1757,tolls,10799
1,10809,1760,danube,10808
21,10875,1761,bali,10874
8,51872,1763,chiang-mai,51871
9,16208,1764,eastern-usa,16207
6,53046,1765,louvre,53045
10,53390,1767,himalayas,53389
1,10953,1769,tos,10952
1,13741,1773,tse,13740
2,10977,1774,airport-link,10976
5,10980,1775,late-arrival,10979
19,10983,1776,qantas,10982
3,10986,1777,bsl,10985
1,16166,1778,idaho,16165
9,26300,1781,chennai,26299
23,11029,1785,french-citizens,11028
1,11407,1792,gye,11406
1,11405,1793,guayaquil,11404
10,16316,1795,del,16315
7,11074,1797,tamil-nadu,11073
13,11397,1799,nice,11396
5,53044,1800,french-riviera,53043
146,14719,1801,weather-and-climate,14718
15,16238,1802,military,16237
3,,1803,gran-canaria,
6,69420,1804,opaque-provider,69419
67,16148,1807,pakistani-citizens,16147
1,11389,1808,ein,11388
6,20978,1809,maastricht,20977
2,11395,1810,andalusia,11394
13,11157,1813,dutch-citizens,11156
3,11319,1815,sjo,11318
1,11162,1816,san-jose,11161
1,11391,1817,amritsar,11390
10,11387,1818,florence,11386
8,11403,1820,swiss-citizens,11402
6,11401,1821,spanish-citizens,11400
9,11385,1822,lyon,11384
24,11383,1823,milan,11382
19,11294,1824,upgrades,11293
3,11393,1825,pittsburgh,11392
8,,1828,government-buildings,
13,23545,1829,backpacks,23544
7,11381,1830,kathmandu,11380
10,16760,1837,salar-de-uyuni,16759
3,,1838,puno,
1,11453,1839,wakayama,11452
6,16314,1840,nuremberg,16313
33,11721,1841,eurostar,11720
8,11479,1842,mad,11478
7,23256,1846,new-caledonia,23255
17,31010,1848,timezones,31009
15,39766,1852,riverboats,39765
5,16956,1854,loire-valley,16955
17,23279,1855,okinawa,23278
6,17490,1856,bhutan,17489
10,16233,1857,miami,16232
11,11593,1858,oceania,11592
7,11614,1859,sin,11613
57,16334,1860,south-african-citizens,16333
5,11631,1861,eze,11630
6,52882,1869,oman,52881
2,11733,1872,tsf,11732
10,52083,1873,rivers,52082
21,17473,1876,myanmar,17472
13,12777,1877,muc,12776
33,12809,1880,nrt,12808
2,16150,1882,turin,16149
6,16140,1889,uzbek-citizens,16139
28,16122,1890,drugs,16121
34,16085,1891,female-travellers,16084
29,23538,1893,marriages,23537
80,14687,1897,seating,14686
5,,1900,adapters,
3,13069,1902,perth,13068
2,13071,1903,tfs,13070
2,16138,1904,ukrainian-language,16137
15,16199,1906,malta,16198
170,13126,1907,payment-cards,13125
10,16120,1911,football,16119
5,13220,1913,taiwanese-citizens,13219
10,13227,1914,rural,13226
1,13265,1916,great-plains,13264
94,16330,1917,price,16329
15,13717,1918,mexico-city,13716
5,14220,1919,mex,14219
3,13323,1921,tuscany,13322
22,13334,1922,dietary-restrictions,13333
19,49975,1924,invitation-letter,49974
5,13388,1925,japanese-visitors,13387
14,16171,1926,lakes,16170
7,16612,1927,taipei,16611
1,13412,1929,roc,13411
1,13414,1930,tyo,13413
1,13418,1931,asr,13417
1,13416,1932,nav,13415
13,20905,1933,reykjavik,20904
15,14796,1935,warsaw,14795
13,30995,1936,fraud,30994
7,14794,1938,vie,14793
4,14882,1940,rhine,14881
2,16162,1941,literature,16161
1,13688,1944,lake-constance,13687
4,13719,1946,dfw,13718
27,16392,1950,western-europe,16391
3,,1951,churchill,
1,14788,1952,luxembourg-city,14787
8,14786,1953,luxembourg,14785
6,23926,1954,portland,23925
11,16160,1955,malaysian-citizens,16159
3,,1957,manitoba,
36,13906,1959,local-cuisine,13905
14,14884,1960,rotterdam,14883
8,13908,1961,south-india,13907
4,14703,1962,tehran,14702
46,14019,1965,trekking,14018
5,14760,1966,uruguay,14759
4,18085,1967,montevideo,18084
4,14561,1969,zagreb,14560
7,13974,1970,skyteam,13973
4,16206,1973,archaeology,16205
1,14126,1975,dmk,14125
2,14120,1976,negombo,14119
15,52831,1979,conferences,52830
1,14563,1981,perperikon,14562
2,14512,1984,calgary,14511
1,16136,1987,winnipeg,16135
2,16158,1989,iowa,16157
8,14339,1990,open-jaw,14338
11,52847,1996,art,52846
4,14586,2000,tohoku,14585
4,,2001,roads,
5,14757,2005,southwest-airlines,14756
3,14709,2006,algeria,14708
7,16152,2007,spirit-airlines,16151
1,14680,2008,gro,14679
1,14682,2009,reu,14681
7,14736,2011,fco,14735
3,14746,2012,minneapolis,14745
1,14806,2014,gpa,14805
4,16156,2019,iraq,16155
2,16792,2020,afghanistan,16791
1,16749,2021,labrador,16748
8,16214,2022,parachutes-skydiving,16213
2,16790,2023,livorno,16789
15,16146,2025,utah,16145
8,16788,2026,hanoi,16787
3,16195,2027,connecticut,16194
1,16244,2028,north-dakota,16243
3,16246,2029,south-dakota,16245
7,31016,2030,indigenous-peoples,31015
1,16770,2031,cgn,16769
10,52843,2034,cafes,52842
4,16366,2035,casablanca,16365
2,16419,2036,nrn,16418
12,16786,2037,kosovo,16785
4,16784,2038,azores,16783
41,16441,2039,minors,16440
1,16448,2040,yamagata,16447
4,16465,2041,maldives,16464
2,16766,2042,tuva,16765
5,16782,2043,bergen,16781
2,16751,2044,guam,16750
2,16538,2046,nce,16537
78,16768,2048,business-travel,16767
15,16745,2049,hokkaido,16744
16,17804,2050,new-zealand-citizens,17803
5,17806,2051,peruvian-citizens,17805
2,16780,2057,death-valley,16779
1,16718,2058,mst,16717
2,16743,2059,guernsey,16742
9,30861,2061,malaysian-airlines,30860
4,16839,2062,south-carolina,16838
2,16841,2063,vlc,16840
3,17424,2065,eindhoven,17423
3,17422,2066,austin,17421
12,,2067,code-share,
5,17048,2069,andorra,17047
4,16958,2070,grenoble,16957
1,16990,2071,provence,16989
10,17420,2072,denver,17419
4,18254,2073,bne,18253
2,17800,2074,malta-citizens,17799
10,17418,2076,leipzig,17417
9,17223,2077,edi,17222
11,17414,2078,edinburgh,17413
1,17416,2079,dundee,17415
2,60825,2080,whalewatching,60824
10,17281,2082,cph,17280
1,17412,2083,cozumel,17411
54,34847,2084,residency,34846
1,17297,2085,falkland-islands,17296
6,17354,2087,west-bank,17353
4,17390,2089,leuven,17389
6,17471,2090,ory,17470
1,17469,2091,saint-lucia,17468
5,17485,2092,suriname,17484
4,17531,2096,sen,17530
2,18252,2097,world-cup,18251
4,17787,2098,world-war-ii,17786
1,17794,2099,hanover,17793
17,23271,2101,parks-and-gardens,23270
4,17791,2104,brittany,17790
3,17796,2105,uip,17795
14,18609,2116,belarus,18608
17,17995,2118,brazilian-citizens,17994
6,18256,2119,madagascar,18255
5,20911,2123,belize,20910
3,,2125,politics,
9,18245,2126,colorado,18244
2,18248,2127,i-80,18247
34,23916,2131,history,23915
14,23261,2132,coffee,23260
18,20915,2134,italian-citizens,20914
1,18392,2135,zad,18391
1,18515,2142,dunes,18514
1,18518,2143,great-salt-lake,18517
2,18520,2144,salt-lakes,18519
2,18574,2145,seville,18573
5,18605,2147,corsica,18604
2,18607,2148,sardinia,18606
3,18603,2149,rix,18602
15,39267,2152,macau,39266
3,18683,2153,lis,18682
7,18694,2155,iad,18693
3,,2156,sunbathing,
34,30989,2157,domestic-travel,30988
8,19348,2158,bratislava,19347
1,23570,2164,ishigaki,23569
3,,2166,antalya,
5,,2167,railway-station,
1,19901,2171,barefoot,19900
4,52909,2174,borneo,52908
5,52948,2175,trinidad-and-tobago,52947
101,23259,2176,multiple-entry,23258
7,23576,2177,yellowstone,23575
1,19317,2180,lej,19316
4,19385,2182,msp,19384
5,52880,2185,ghana,52879
8,23924,2188,oxford,23923
10,23918,2189,cambridge,23917
6,,2190,self-guided,
7,19599,2193,lga,19598
3,19639,2194,gva,19638
17,19668,2195,syrian-citizens,19667
9,52870,2196,services,52869
6,19846,2197,hamburg,19845
2,19931,2204,txl,19930
7,33750,2206,iraq-citizens,33749
3,20153,2212,northern-territory,20152
4,20246,2215,protocol,20245
7,,2218,ho-chi-minh-city,
12,33754,2219,thai-citizens,33753
10,20648,2221,towels,20647
4,20479,2226,gondolas-and-cable-cars,20478
7,37396,2229,miles-and-more,37395
20,33748,2230,sri-lankan-citizens,33747
102,23269,2234,overstaying,23268
4,23574,2240,jamaican-citizen,23573
1,23894,2241,phoenix,23893
3,20973,2247,nederlandse-spoorwegen,20972
86,20975,2248,event-based-effects,20974
1,23151,2249,gsm,23150
58,21012,2251,visa-extensions,21011
5,22350,2252,salt-lake-city,22349
2,52984,2253,channel-islands,52983
8,23896,2254,svo,23895
54,21158,2255,90-180-visa-rules,21157
1,21164,2256,savannakhet,21163
3,,2257,guest-houses,
14,49977,2258,puerto-rico,49976
14,23906,2259,kenya,23905
2,53361,2260,lake-victoria,53360
7,21248,2261,ofii,21247
60,22499,2263,refunds,22498
4,,2264,waterfalls,
6,53332,2266,wellington,53331
12,38329,2268,bom,38328
3,53328,2271,stonehenge,53327
4,24000,2273,tunisia,23999
40,52077,2274,night-transport,52076
2,21560,2275,yunnan,21559
2,21592,2276,tpe,21591
1,21594,2277,isg,21593
28,23277,2278,missed-flights,23276
1,21681,2281,northeast-china,21680
182,22325,2285,b1-b2-visas,22324
2,52982,2286,isle-of-man,52981
7,53326,2287,weekends,53325
3,22495,2288,greek-citizens,22494
9,39631,2289,spanish-language,39630
11,23149,2290,gds,23148
4,23749,2294,tunisian-citizens,23748
1,21853,2296,evn,21852
32,21855,2297,emirates,21854
12,44897,2299,kenyan-citizens,44896
3,21910,2301,aep,21909
1,23153,2302,cbg,23152
9,24587,2303,stn,24586
5,21921,2304,xian,21920
2,22497,2305,lucerne,22496
37,30991,2306,identity-cards,30990
4,22357,2308,inner-mongolia,22356
3,22798,2309,birdwatching,22797
2,22047,2310,hohhot,22046
2,53350,2311,puebla,53349
6,22170,2314,mnl,22169
8,52829,2316,detroit,52828
7,23883,2317,michigan,23882
5,23902,2318,dtw,23901
9,22317,2321,haggling,22316
2,23887,2322,moldova,23886
1,23566,2323,tiraspol,23565
3,52903,2329,finnair,52902
23,23594,2330,turkish-airlines,23593
2,22639,2331,nou,22638
5,22654,2332,chilean-citizens,22653
14,22934,2335,slovenia,22933
5,52911,2338,turkmenistan,52910
10,22938,2339,ethiopia,22937
3,22936,2340,democratic-republic-congo,22935
2,,2341,easter-island,
3,27713,2344,bristol,27712
15,23590,2346,deportation,23589
2,22835,2347,wyoming,22834
6,52976,2348,jetstar,52975
11,22857,2349,tatkal,22856
1,23592,2352,kiribati,23591
3,23751,2354,portuguese-language,23750
59,23025,2355,long-stay-visas,23024
1,23142,2357,pbc,23141
8,35689,2359,auckland,35688
1,23302,2361,akl,23301
6,23598,2363,lebanese-citizens,23597
9,23596,2364,mexican-citizens,23595
34,23526,2367,proof-of-onward-travel,23525
4,23341,2369,phl,23340
1,23568,2370,kansas,23567
5,23885,2377,north-carolina,23884
5,23572,2379,virginia,23571
1,23606,2381,aerolineas-argentinas,23605
1,23588,2382,crete,23587
38,23640,2385,denial-of-entry,23639
2,23952,2386,saw,23951
4,23892,2389,pacific-ocean,23891
4,53352,2390,tahiti,53351
3,23889,2391,norwegian-citizens,23888
3,24517,2392,houston,24516
3,23954,2393,iah,23953
2,53276,2394,apec,53275
2,53341,2395,pune,53340
4,23900,2398,social-norms,23899
7,23881,2399,pennsylvania,23880
4,,2400,shenzhen,
1,24086,2405,got,24085
3,41958,2406,bergamo,41957
15,24358,2407,firearms,24357
18,39382,2411,opening-hours,39381
2,24350,2414,udr,24349
3,24376,2415,dus,24375
8,24424,2417,manila,24423
1,24426,2418,crk,24425
9,24440,2419,hnd,24439
3,,2420,tikal,
6,,2422,gadgets,
7,,2424,ruins,
5,24879,2427,havana,24878
2,31244,2428,liverpool,31243
5,52951,2429,wales,52950
3,37375,2433,ana,37374
5,,2435,air-quality,
11,52868,2436,e-visas,52867
5,38333,2437,bulgarian-citizens,38332
2,52965,2440,libyan-citizens,52964
1,25218,2445,avv,25217
1,34909,2447,agra,34908
2,25246,2448,cju,25245
4,,2450,san-francisco-bay-area,
5,25361,2454,saudi-airlines,25360
6,52896,2455,faroe-islands,52895
6,38331,2456,afghan-citizens,38330
49,30866,2457,f1-visas,30865
28,31012,2458,j1-visas,31011
29,30868,2459,h1b-visas,30867
6,34769,2460,gibraltar,34768
15,52827,2461,mail,52826
11,,2462,thalys,
55,30870,2465,indian-railways,30869
24,25774,2466,scams,25773
1,31247,2467,york,31246
2,,2469,everglades,
5,,2471,hunting,
3,52999,2472,kix,52998
4,,2474,airbus,
8,30997,2479,ryokans,30996
15,38335,2481,bangladeshi-citizens,38334
2,50455,2482,guatemalan-citizens,50454
5,53339,2483,leh,53338
6,34531,2484,north-india,34530
16,42754,2485,vietnamese-citizens,42753
7,52886,2489,mauritius,52885
5,33752,2491,colombian-citizens,33751
11,51874,2494,jr-pass,51873
3,39290,2495,buffalo,39289
2,,2496,kortrijk,
18,52081,2498,mobile-apps,52080
9,26661,2499,privacy,26660
2,26663,2500,sapporo,26662
4,53355,2503,north-sea,53354
80,26799,2506,flight-search-engines,26798
7,53359,2507,atlantic-ocean,53358
2,26821,2508,ljubljana,26820
29,37056,2510,frankfurt,37055
10,53009,2519,oslo,53008
2,66062,2521,senior-travel,66061
2,,2523,new-mexico,
2,,2524,stuttgart,
2,27170,2525,anr,27169
66,27211,2527,luggage-storage,27210
2,27272,2529,nikko,27271
2,,2531,newfoundland,
3,52892,2534,nigeria,52891
3,52988,2538,lebanon,52987
14,39800,2539,abu-dhabi,39799
6,52997,2545,doh,52996
4,31260,2546,gru,31259
6,27678,2547,tatras,27677
2,27810,2548,sna,27809
5,30847,2549,atl,30846
2,,2550,syracuse,
3,,2551,vilnius,
2,52990,2552,vno,52989
6,46911,2553,new-york-state,46910
1,30921,2556,busking,30920
42,30993,2557,compensation,30992
21,52072,2563,working-visas,52071
6,,2565,baltimore,
8,52894,2566,moroccan-citizens,52893
8,30615,2567,philadelphia,30614
2,30761,2568,royal-jordanian,30760
14,,2572,prohibited-items,
12,34932,2574,air-france,34931
12,31258,2575,dub,31257
6,34930,2576,shinkansen,34929
1,34918,2578,car-pooling,34917
2,31192,2579,cia,31191
6,33746,2580,hong-kong-citizens,33745
1,34920,2581,crater-lake,34919
3,31618,2582,ecuador-citizens,31617
7,31518,2583,norwegian-air-shuttle,31517
2,34928,2584,euronight,34927
2,53346,2585,oaxaca,53345
12,,2586,common-travel-area,
2,52961,2589,singaporean-citizens,52960
2,34907,2594,sudan,34906
1,34922,2595,geocaching,34921
5,38689,2597,scooters,38688
1,34173,2600,pbm,34172
32,34924,2601,train-stations,34923
8,34201,2605,nexus,34200
5,34916,2606,laundry,34915
1,34855,2611,haitian-citizens,34854
1,34390,2612,trd,34389
26,52074,2613,taxes,52073
13,34926,2614,pilgrimages,34925
3,34904,2616,colombo,34903
4,,2618,land-transit,
11,35004,2619,smoking,35003
4,,2620,e-cigarettes,
2,,2625,basque-country,
6,35076,2626,virgin-australia,35075
2,52980,2628,us-virgin-islands,52979
3,52978,2629,british-virgin-islands,52977
84,52878,2630,filipino-citizens,52877
11,35630,2637,visa-rejection,35629
6,53041,2639,addis-ababa,53040
6,52970,2641,dominican-republic,52969
9,35770,2642,iberia,35769
2,56405,2649,el-calafate,56404
2,,2653,tirana,
9,42536,2654,dubrovnik,42535
3,52974,2658,cayman-islands,52973
2,36668,2659,worldwide,36667
68,38835,2661,proof-of-funds,38834
5,,2662,alberta,
5,36894,2663,glasgow,36893
3,50453,2666,honduran-citizens,50452
9,52841,2669,bruges,52840
4,38290,2673,pvg,38289
2,38272,2674,sha,38271
3,37330,2677,maa,37329
18,37379,2678,delta-airlines,37378
4,38288,2681,crl,38287
3,37402,2682,tangier,37401
17,37501,2684,registration,37500
4,38284,2686,pty,38283
2,,2687,vayama,
3,,2689,oklahoma,
27,37671,2690,spouses,37670
3,53335,2691,queenstown,53334
1,38286,2692,zqn,38285
13,38270,2694,lost-luggage,38269
13,37837,2695,damaged-luggage,37836
2,,2697,american-english,
1,37933,2701,pnq,37932
5,,2702,french-language,
3,,2703,arabic-language,
3,45194,2704,dutch-language,45193
4,45196,2705,german-language,45195
16,52079,2706,english-language,52078
1,38293,2712,goair,38292
18,51624,2713,fragile-luggage,51623
1,38226,2714,catalan-language,38225
2,38337,2715,japanese-citizens,38336
6,38277,2716,spicejet,38276
3,52972,2717,air-baltic,52971
21,51798,2726,london-underground,51797
2,52963,2728,gabon,52962
2,53036,2731,brazzaville,53035
3,38827,2734,belgrade,38826
5,38664,2737,medical-tourism,38663
5,38825,2741,man,38824
2,52986,2742,malay-language,52985
6,39374,2747,silicon-valley,39373
3,38913,2748,las,38912
4,52955,2750,jordanian-citizens,52954
1,39372,2751,malacca,39371
10,52085,2753,vouchers,52084
2,41975,2756,tajik-citizens,41974
14,39366,2757,datv,39365
3,39370,2758,jal,39369
1,41971,2760,sudanese-citizens,41970
3,,2761,torres-del-paine,
1,39417,2762,boa,39416
1,39854,2764,aqaba,39853
1,39858,2766,gyd,39857
7,39507,2767,baku,39506
2,,2768,closures,
5,44450,2769,kiev,44449
9,41977,2770,ghanaian-citizens,41976
4,39852,2772,air-asia,39851
2,39850,2773,oak,39849
4,39804,2774,cai,39803
2,41985,2775,rabat,41984
1,39635,2777,asiana-airlines,39634
5,39848,2778,massachusetts,39847
68,39914,2782,passport-stamps,39913
3,53399,2784,sunshine-coast,53398
2,40087,2785,cns,40086
3,53392,2786,mount-fuji,53391
1,41967,2787,cuban-citizens,41966
1,41973,2789,fijian-citizens,41972
9,41963,2791,irish-citizens,41962
4,42149,2792,bed-bugs,42148
5,,2793,beds,
4,,2794,search,
3,40294,2795,kef,40293
3,40436,2797,lpb,40435
2,40440,2798,north-island,40439
2,41983,2799,icelandair,41982
1,41979,2802,jaipur,41978
1,41981,2803,marseille,41980
10,,3805,phone-networks,
2,41863,3806,amman,41862
10,42326,3807,china-airlines,42325
1,41965,3809,armenian-citizens,41964
5,41905,3810,sas,41904
4,53344,3811,muscat,53343
5,,3813,rates,
5,42074,3816,nairobi,42073
1,41996,3817,mozambican-citizen,41995
1,42048,3818,ecn,42047
5,42078,3820,northern-cyprus,42077
1,42151,3821,yukon,42150
2,43006,3822,gaspesie,43005
4,42324,3823,barranquilla,42323
11,42322,3825,expedia,42321
8,42320,3826,standby,42319
1,42386,3827,trenord,42385
9,42384,3828,trenitalia,42383
3,46031,3829,star-gazing,46030
1,42521,3830,naples,42520
2,42516,3831,pompeii,42515
1,42514,3832,sorrento,42513
5,42519,3833,cape-verde,42518
26,43004,3834,tfl,43003
8,43055,3836,nepali-citizens,43054
1,43053,3837,macedonian-citizens,43052
1,43051,3838,uae-citizens,43050
5,42864,3839,iraqi-kurdistan,42863
260,43133,3840,visa-refusal,43132
30,52833,3843,land-borders,52832
3,,3844,vermont,
11,43001,3845,dress-codes,43000
1,50719,3847,kurdistan,50718
4,,3848,silk-road,
5,43851,3850,bcn,43850
1,45192,3851,tarragona,45191
3,43563,3854,dominican-citizens,43562
1,43565,3855,guyanese-citizens,43564
5,43402,3856,phnom-penh,43401
2,,3857,tay-ninh,
4,43409,3858,mdw,43408
5,43554,3860,johannesburg,43553
4,43467,3861,prg,43466
1,43568,3866,zimbabwean-citizen,43567
3,66041,3867,antwerp,66040
8,43552,3868,british-citizens,43551
3,43849,3869,venezuelan-citizens,43848
5,53337,3878,gilgit-baltistan,53336
4,43998,3880,tgvair,43997
6,44197,3883,mxp,44196
1,44192,3884,milano-centrale,44191
4,45374,3886,rabies,45373
1,44753,3890,el-salvador-citizens,44752
5,,3892,sports-equipment,
4,45190,3897,vignettes,45189
1,44814,3898,gmp,44813
1,44882,3899,cun,44881
6,45140,3900,ratp,45139
1,45372,3902,malaga,45371
4,,3905,skiing,
2,,3907,grand-teton,
2,46058,3910,verona,46057
15,45618,3912,pre-clearance,45617
8,56407,3915,fare-class,56406
1,51604,3917,liege,51603
3,,3919,fare-basis,
3,,3920,overbooking,
2,46267,3922,finnish-citizens,46266
6,45885,3923,versailles,45884
2,45901,3924,pantanal,45900
2,46269,3925,azerbaijani-citizens,46268
7,52863,3927,jet-airways,52862
10,46095,3928,nostalgia,46094
15,46159,3929,national-rail,46158
4,52907,3930,bahrain,52906
2,,3931,st-maarten,
11,65821,3936,refugees,65820
2,,3940,hillwalking,
2,,3941,third-party-sites,
1,46546,3942,han,46545
3,46562,3943,nas,46561
9,,3949,in-flight-service,
45,46954,3950,removal,46953
18,47069,3951,proof-of-accomodation,47068
2,47072,3952,environmental-disasters,47071
2,,3953,meditation,
4,52953,3954,romanian-citizens,52952
1,47170,3957,yorkshire,47169
1,47179,3958,osl,47178
2,47297,3960,sea,47296
4,47345,3961,mongolian-language,47344
1,47352,3962,phrasebooks,47351
16,47367,3963,child-safety-seat,47366
5,47461,3964,cold-weapons,47460
1,47614,3965,zzyzx,47613
4,47690,3968,fmm,47689
11,53388,3971,biometric-passports,53387
2,,3972,chechnya,
3,,3975,storage,
2,,3979,china-rail,
4,50457,3981,danish-citizens,50456
3,,3983,sharia-law,
2,48312,3986,bologna,48311
1,48314,3987,reggio-emilia,48313
44,52825,3988,check-in,52824
2,48455,3991,yemeni-citizens,48454
5,,3992,packing,
1,48453,3993,luxair,48452
1,48562,3995,poa,48561
6,53048,3998,uber,53047
1,48621,3999,kno,48620
1,56653,4000,canadian-rockies,56652
2,48709,4001,lin,48708
35,48718,4003,application-status,48717
3,53357,4006,park-city,53356
2,,4013,couples,
4,49411,4016,empty-leg,49410
4,53396,4019,ita-matrix,53395
1,50698,4020,iata,50697
1,49641,4022,dme,49640
6,50449,4023,algerian-citizens,50448
184,49783,4024,transit-visas,49782
2,,4026,ugandan-citizens,
8,52837,4028,oktoberfest,52836
1,49919,4029,tgd,49918
2,49922,4030,podgorica,49921
5,,4035,oman-air,
5,51606,4038,bos,51605
64,53031,4039,short-connection,53030
1,50084,4040,waw,50083
2,,4041,stavanger,
2,65470,4042,tlv,65469
2,,4044,frontier-airlines,
11,,4045,oyster,
1,50451,4046,cameroonian-citizens,50450
7,66043,4049,booking.com,66042
1,50731,4051,cgk,50730
56,67172,4052,rationale,67171
2,52030,4055,myanma-citizens,52029
1,51869,4056,gambian-citizens,51868
6,52884,4057,komodo,52883
7,52839,4058,lombok,52838
1,52032,4059,eritrean-citizen,52031
1,51412,4061,clt,51411
10,60094,4063,lost-documents,60093
2,51551,4065,bermuda,51550
9,51573,4066,auh,51572
1,52034,4067,malagasy-citizens,52033
1,51686,4068,mcx,51685
1,51814,4069,nte,51813
4,51867,4070,albanian-citizens,51866
1,51952,4073,cur,51951
4,,4074,payment,
96,52160,4077,tourist-visas,52159
6,,4080,fishing,
7,52845,4082,caves,52844
6,,4083,uk-residents,
8,52967,4087,wizz-air,52966
1,52575,4089,skg,52574
1,52573,4090,moldovan-citizens,52572
9,53022,4091,left-luggage,53021
3,,4093,road-signs,
1,52686,4095,virgin-atlantic,52685
11,64928,4096,proof-of-employment,64927
34,52793,4097,proof-provenance-of-funds,52792
4,56680,4100,porto,56679
1,53098,4102,austrian-citizens,53097
2,60830,4106,aegean-airlines,60829
3,53406,4107,ath,53405
3,53478,4108,bva,53477
3,,4109,bud,
5,53843,4113,cooling-off-periods,53842
2,53927,4115,trusted-traveler,53926
1,54237,4120,costa-rican-citizens,54236
8,54309,4121,visa-cancellation,54308
2,56651,4122,yul,56650
9,,4125,us-residents,
2,56645,4126,aeromexico,56644
4,,4127,algonquin-park,
1,60889,4132,canberra,60888
6,55794,4135,evidence,55793
1,56643,4138,kansai,56642
3,66045,4139,reviews,66044
2,56647,4140,gulf-air,56646
2,,4141,vegetation,
1,56297,4142,t-and-t-citizens,56296
1,56382,4145,documentary,56381
2,,4147,sharm-el-sheikh,
1,56635,4148,culture-day,56634
5,56980,4154,ottawa,56979
2,,4159,thousand-islands,
1,58680,4163,dca,58679
4,,4165,bikes,
2,,4167,intermodal,
2,,4168,export-certificate,
2,,4169,buddhism,
4,,4170,zoos,
2,65864,4171,riyadh,65863
2,,4175,rwanda,
7,58890,4182,freedom-of-movement,58889
3,,4183,flyingblue,
3,,4186,sao-paulo,
3,,4192,dutch-residents,
1,69504,4193,victoria-australia,69503
3,,4195,croatia-citizens,
1,,4196,torino-porta-susa,
1,,4197,gatineau-park,
3,,4198,botswana,
3,59756,4199,tam-airlines,59755
7,,4200,hidden-city-ticketing,
1,,4201,sierra-leone,
2,,4202,hyderabad,
2,65869,4203,bahamian-citizens,65868
1,,4204,smartgate,
2,60009,4205,novice-travellers,60008
2,65684,4206,brunei,65683
2,60105,4207,yow,60104
1,,4208,nanaimo,
4,,4209,vancouver-island,
1,,4210,anonymous-travel,
1,,4211,charleston-sc,
1,,4213,argentinian-citizens,
1,,4214,moon,
1,,4215,yugoslavia,
1,66037,4216,hurum,66036
3,,4218,australian-residents,
1,60828,4219,ala,60827
1,65790,4221,cartagena,65789
1,60784,4222,coastline,60783
2,,4224,pdx,
1,,4225,lpq,
1,65867,4227,karachi,65866
1,,4228,lyari,
4,62006,4229,air-china,62005
1,,4230,rameswaram,
1,,4231,bhx,
1,,4232,tayrona,
1,,4233,dunedin,
1,,4234,mco,
3,61553,4235,bogota,61552
2,61555,4236,medellin,61554
34,61524,4237,applications,61523
4,,4238,panama-city,
7,61772,4240,industrial-action,61771
1,,4241,philip-island,
1,,4242,copa-airlines,
3,61854,4243,zika,61853
1,,4245,khmer-language,
14,65158,4246,repeat-visits,65157
2,62212,4247,sport-equipment,62211
1,,4248,tatacoa,
1,,4249,murmansk,
1,,4250,cinemas,
1,,4251,huts,
2,62445,4252,cook-islands,62444
1,,4253,bonn,
1,62603,4255,sikkim,62602
4,62623,4256,tallinja-cards,62622
2,63805,4257,atac,63804
4,63811,4258,greece-schengen-visas,63810
6,63813,4259,netherlands-schengen-visa,63812
5,63908,4260,france-schengen-visas,63907
2,,4261,valparaiso,
1,63939,4262,premium-services,63938
1,,4263,gold-coast,
13,63987,4264,germany-schengen-visas,63986
99,63982,4265,standard-visitor-visa,63981
1,64105,4266,cameroon,64104
1,64107,4267,republic-congo,64106
1,,4268,kazakhstani-citizens,
1,,4270,lan-airlines,
1,,4271,lanscape,
21,64366,4272,disputes,64365
4,,4273,toiletries,
1,64510,4274,ytz,64509
21,64675,4276,change-purpose-of-travel,64674
1,64818,4277,eu-id-card,64817
1,,4278,bivs,
2,69463,4281,burgundy,69462
1,,4282,wine-trails,
1,,4283,alsace,
1,,4284,champagne,
1,,4285,phone,
1,,4286,devices,
2,,4287,indianapolis,
3,67739,4288,indiana,67738
1,,4289,ind,
1,65465,4290,bog,65464
2,65598,4291,mauritian-citizens,65597
1,65977,4293,jro,65976
1,,4294,air-europa,
1,,4295,bgy,
8,,4296,cabin-crew,
1,,4297,airberlin,
1,,4298,lot-polish-airlines,
1,,4300,battery,
8,66623,4302,deception,66622
1,66888,4305,vfs,66887
1,,4307,car-sharing,
1,,4308,hungarian-citizens,
1,,4309,wlg,
1,,4311,maltese-citizens,
5,,4312,vwp,
2,,4313,tofino,
4,,4314,victoria-bc,
1,,4315,liechtenstein-citizens,
1,,4316,halle,
1,67525,4318,aruba,67524
2,,4319,sport,
5,,4320,crimea,
9,67976,4321,climbing,67975
1,,4322,gulf-of-guinea,
1,,4324,korean-language,
2,68196,4325,language-choice,68195
1,,4331,ccu,
1,,4332,nsw,
1,,4333,san-marino,
1,,4334,alicante,
1,,4335,benidorm,
1,,4336,aeroplan,
1,,4337,english-channel,
1,,4338,seaports,
1,,4339,ceremonial-events,
2,,4340,transnistria,
2,,4341,abkhazia,
1,,4342,ethiopian-citizens,
1,,4343,supermarket,
1,,4344,cycling,
1,,4345,cemetery,
7,69681,4346,tsa-precheck,69680
1,,4348,montana,
1,,4349,maine,
1,,4350,tourist,
1,,4351,f2-visas,
1,,4352,zambian-citizens,
1,,4353,bosnian-citizens,
1,,4354,italian-residents,
1,71152,4355,chukotka,71151
0,,4356,bin,
4,71194,4357,lgbt,71193
